InvoiceNo;StockCode;Description;Quantity;InvoiceDate;UnitPrice;CustomerID;Country;InvoiceRank
C575223;22973;CHILDREN'S CIRCUS PARADE MUG;-1;09/11/2011 11:33;1,65;12472;Germany;391
C575064;21669;BLUE STRIPE CERAMIC DRAWER KNOB;-1;08/11/2011 12:39;1,45;12472;Germany;385
C575064;22212;FOUR HOOK  WHITE LOVEBIRDS;-1;08/11/2011 12:39;2,1;12472;Germany;385
C575064;22467;GUMBALL COAT RACK;-8;08/11/2011 12:39;2,55;12472;Germany;385
C575064;23494;VINTAGE DOILY DELUXE SEWING KIT ;-1;08/11/2011 12:39;5,95;12472;Germany;385
C575064;20712;JUMBO BAG WOODLAND ANIMALS;-2;08/11/2011 12:39;2,08;12472;Germany;385
C575064;20749;ASSORTED COLOUR MINI CASES;-1;08/11/2011 12:39;7,95;12472;Germany;385
C559253;23237;SET OF 4 KNICK KNACK TINS LEAF;-1;07/07/2011 11:44;4,15;12472;Germany;243
C559253;22556;PLASTERS IN TIN CIRCUS PARADE ;-1;07/07/2011 11:44;1,65;12472;Germany;243
C559253;22467;GUMBALL COAT RACK;-2;07/07/2011 11:44;2,55;12472;Germany;243
C559253;22430;ENAMEL WATERING CAN CREAM;-1;07/07/2011 11:44;4,95;12472;Germany;243
C559253;22333;RETROSPOT PARTY BAG + STICKER SET;-1;07/07/2011 11:44;1,65;12472;Germany;243
C559253;21671;RED SPOT CERAMIC DRAWER KNOB;-2;07/07/2011 11:44;1,25;12472;Germany;243
C559253;23236;DOILEY STORAGE TIN;-1;07/07/2011 11:44;2,89;12472;Germany;243
C559253;22326;ROUND SNACK BOXES SET OF4 WOODLAND ;-1;07/07/2011 11:44;2,95;12472;Germany;243
C559253;21669;BLUE STRIPE CERAMIC DRAWER KNOB;-1;07/07/2011 11:44;1,25;12472;Germany;243
C548356;21383;PACK OF 12 STICKY BUNNIES;-2;30/03/2011 15:12;0,65;12472;Germany;168
C548356;21559;STRAWBERRY LUNCH BOX WITH CUTLERY;-3;30/03/2011 15:12;2,55;12472;Germany;168
C548356;21731;RED TOADSTOOL LED NIGHT LIGHT;-2;30/03/2011 15:12;1,65;12472;Germany;168
C548356;22326;ROUND SNACK BOXES SET OF4 WOODLAND ;-1;30/03/2011 15:12;2,95;12472;Germany;168
C548356;22444;GROW YOUR OWN PLANT IN A CAN ;-3;30/03/2011 15:12;1,25;12472;Germany;168
C548356;22423;REGENCY CAKESTAND 3 TIER;-1;30/03/2011 15:12;12,75;12472;Germany;168
C548356;22467;GUMBALL COAT RACK;-9;30/03/2011 15:12;2,55;12472;Germany;168
C543347;85049G;CHOCOLATE BOX RIBBONS ;-2;07/02/2011 12:44;1,25;12472;Germany;127
C543347;85049E;SCANDINAVIAN REDS RIBBONS;-3;07/02/2011 12:44;1,25;12472;Germany;127
C543347;22467;GUMBALL COAT RACK;-6;07/02/2011 12:44;2,55;12472;Germany;127
C543347;22423;REGENCY CAKESTAND 3 TIER;-2;07/02/2011 12:44;12,75;12472;Germany;127
C543347;22328;ROUND SNACK BOXES SET OF 4 FRUITS ;-2;07/02/2011 12:44;2,95;12472;Germany;127
C543347;22326;ROUND SNACK BOXES SET OF4 WOODLAND ;-3;07/02/2011 12:44;2,95;12472;Germany;127
C543347;22245;HOOK, 1 HANGER ,MAGIC GARDEN;-3;07/02/2011 12:44;0,85;12472;Germany;127
C543347;22242;5 HOOK HANGER MAGIC TOADSTOOL;-5;07/02/2011 12:44;1,65;12472;Germany;127
C543347;22629;SPACEBOY LUNCH BOX ;-1;07/02/2011 12:44;1,95;12472;Germany;127
C543347;21673;WHITE SPOT BLUE CERAMIC DRAWER KNOB;-2;07/02/2011 12:44;1,25;12472;Germany;127
C543347;21672;WHITE SPOT RED CERAMIC DRAWER KNOB;-2;07/02/2011 12:44;1,25;12472;Germany;127
C543347;21244;BLUE POLKADOT PLATE ;-2;07/02/2011 12:44;1,69;12472;Germany;127
C543347;20676;RED RETROSPOT BOWL;-2;07/02/2011 12:44;1,25;12472;Germany;127
C543347;22077;6 RIBBONS RUSTIC CHARM;-5;07/02/2011 12:44;1,65;12472;Germany;127
C543347;21668;RED STRIPE CERAMIC DRAWER KNOB;-1;07/02/2011 12:44;1,25;12472;Germany;127
C536548;22580;ADVENT CALENDAR GINGHAM SACK;-4;01/12/2010 14:33;5,95;12472;Germany;1
C536548;20957;PORCELAIN HANGING BELL SMALL;-1;01/12/2010 14:33;1,45;12472;Germany;1
C536548;21218;RED SPOTTY BISCUIT TIN;-3;01/12/2010 14:33;3,75;12472;Germany;1
C536548;22168;ORGANISER WOOD ANTIQUE WHITE ;-2;01/12/2010 14:33;8,5;12472;Germany;1
C536548;22631;CIRCUS PARADE LUNCH BOX ;-1;01/12/2010 14:33;1,95;12472;Germany;1
C536548;22077;6 RIBBONS RUSTIC CHARM;-6;01/12/2010 14:33;1,65;12472;Germany;1
C536548;22333;RETROSPOT PARTY BAG + STICKER SET;-1;01/12/2010 14:33;1,65;12472;Germany;1
C536548;22767;TRIPLE PHOTO FRAME CORNICE ;-2;01/12/2010 14:33;9,95;12472;Germany;1
C536548;22654;DELUXE SEWING KIT ;-1;01/12/2010 14:33;5,95;12472;Germany;1
C536548;22245;HOOK, 1 HANGER ,MAGIC GARDEN;-2;01/12/2010 14:33;0,85;12472;Germany;1
C536548;22892;SET OF SALT AND PEPPER TOADSTOOLS;-7;01/12/2010 14:33;1,25;12472;Germany;1
C536548;20914;SET/5 RED RETROSPOT LID GLASS BOWLS;-1;01/12/2010 14:33;2,95;12472;Germany;1
C536548;22242;5 HOOK HANGER MAGIC TOADSTOOL;-5;01/12/2010 14:33;1,65;12472;Germany;1
C536548;22244;3 HOOK HANGER MAGIC GARDEN;-4;01/12/2010 14:33;1,95;12472;Germany;1
574885;23473;WOODLAND SMALL RED FELT HEART;12;07/11/2011 14:01;0,83;12472;Germany;375
574885;23480;MINI LIGHTS WOODLAND MUSHROOMS;8;07/11/2011 14:01;3,75;12472;Germany;375
574885;23569;TRADTIONAL ALPHABET STAMP SET;8;07/11/2011 14:01;4,95;12472;Germany;375
574885;23571;TRADITIONAL NAUGHTS & CROSSES;12;07/11/2011 14:01;1,65;12472;Germany;375
574885;23570;TRADITIONAL PICK UP STICKS GAME ;12;07/11/2011 14:01;1,25;12472;Germany;375
574885;23084;RABBIT NIGHT LIGHT;48;07/11/2011 14:01;1,79;12472;Germany;375
574885;21914;BLUE HARMONICA IN BOX ;12;07/11/2011 14:01;1,25;12472;Germany;375
574885;POST;POSTAGE;1;07/11/2011 14:01;18;12472;Germany;375
574885;23476;WOODLAND LARGE RED FELT HEART;12;07/11/2011 14:01;1,25;12472;Germany;375
574885;22554;PLASTERS IN TIN WOODLAND ANIMALS;12;07/11/2011 14:01;1,65;12472;Germany;375
571824;23288;GREEN VINTAGE SPOT BEAKER;8;19/10/2011 11:49;0,85;12472;Germany;295
571824;21121;SET/10 RED POLKADOT PARTY CANDLES;24;19/10/2011 11:49;1,25;12472;Germany;295
571824;23004;TRAVEL CARD WALLET PANTRY;24;19/10/2011 11:49;0,42;12472;Germany;295
571824;22078;RIBBON REEL LACE DESIGN ;10;19/10/2011 11:49;2,1;12472;Germany;295
571824;22077;6 RIBBONS RUSTIC CHARM;24;19/10/2011 11:49;1,95;12472;Germany;295
571824;22711;WRAP CIRCUS PARADE;25;19/10/2011 11:49;0,42;12472;Germany;295
571824;22973;CHILDREN'S CIRCUS PARADE MUG;12;19/10/2011 11:49;1,65;12472;Germany;295
571824;22716;CARD CIRCUS PARADE;12;19/10/2011 11:49;0,42;12472;Germany;295
571824;23206;LUNCH BAG APPLE DESIGN;10;19/10/2011 11:49;1,65;12472;Germany;295
571824;23204;CHARLOTTE BAG APPLES DESIGN;10;19/10/2011 11:49;0,85;12472;Germany;295
571824;22895;SET OF 2 TEA TOWELS APPLE AND PEARS;6;19/10/2011 11:49;3,25;12472;Germany;295
571824;22815;CARD PSYCHEDELIC APPLES;12;19/10/2011 11:49;0,42;12472;Germany;295
571824;23199;JUMBO BAG APPLES;10;19/10/2011 11:49;2,08;12472;Germany;295
571824;22303;COFFEE MUG APPLES DESIGN;6;19/10/2011 11:49;2,55;12472;Germany;295
571824;23346;SPACEBOY BEAKER;12;19/10/2011 11:49;1,25;12472;Germany;295
571824;23256;CHILDRENS CUTLERY SPACEBOY ;4;19/10/2011 11:49;4,15;12472;Germany;295
571824;22629;SPACEBOY LUNCH BOX ;12;19/10/2011 11:49;1,95;12472;Germany;295
571824;22382;LUNCH BAG SPACEBOY DESIGN ;10;19/10/2011 11:49;1,65;12472;Germany;295
571824;22045;SPACEBOY GIFT WRAP;25;19/10/2011 11:49;0,42;12472;Germany;295
571824;22029;SPACEBOY BIRTHDAY CARD;12;19/10/2011 11:49;0,42;12472;Germany;295
571824;21680;WOODLAND  STICKERS;12;19/10/2011 11:49;0,85;12472;Germany;295
571824;22326;ROUND SNACK BOXES SET OF4 WOODLAND ;12;19/10/2011 11:49;2,95;12472;Germany;295
571824;20726;LUNCH BAG WOODLAND;10;19/10/2011 11:49;1,65;12472;Germany;295
571824;20712;JUMBO BAG WOODLAND ANIMALS;10;19/10/2011 11:49;2,08;12472;Germany;295
571824;20719;WOODLAND CHARLOTTE BAG;10;19/10/2011 11:49;0,85;12472;Germany;295
571824;23392;SPACEBOY ROCKET LOLLY MAKERS;6;19/10/2011 11:49;2,08;12472;Germany;295
571824;23389;SPACEBOY MINI BACKPACK;4;19/10/2011 11:49;4,15;12472;Germany;295
571824;23388;WOODLAND MINI BACKPACK;4;19/10/2011 11:49;4,15;12472;Germany;295
571824;20723;STRAWBERRY CHARLOTTE BAG;10;19/10/2011 11:49;0,85;12472;Germany;295
571824;22355;CHARLOTTE BAG SUKI DESIGN;10;19/10/2011 11:49;0,85;12472;Germany;295
571824;22814;CARD PARTY GAMES ;12;19/10/2011 11:49;0,42;12472;Germany;295
571824;23515;EMBROIDERED RIBBON REEL DAISY ;6;19/10/2011 11:49;2,08;12472;Germany;295
571824;23512;EMBROIDERED RIBBON REEL ROSIE;6;19/10/2011 11:49;2,08;12472;Germany;295
571824;23513;EMBROIDERED RIBBON REEL SUSIE ;6;19/10/2011 11:49;2,08;12472;Germany;295
571824;23511;EMBROIDERED RIBBON REEL EMILY ;6;19/10/2011 11:49;2,08;12472;Germany;295
571824;23514;EMBROIDERED RIBBON REEL SALLY ;6;19/10/2011 11:49;2,08;12472;Germany;295
571824;23494;VINTAGE DOILY DELUXE SEWING KIT ;3;19/10/2011 11:49;5,95;12472;Germany;295
571824;POST;POSTAGE;6;19/10/2011 11:49;18;12472;Germany;295
571824;22331;WOODLAND PARTY BAG + STICKER SET;8;19/10/2011 11:49;1,65;12472;Germany;295
571824;22817;CARD SUKI BIRTHDAY;12;19/10/2011 11:49;0,42;12472;Germany;295
571824;22714;CARD BIRTHDAY COWBOY;12;19/10/2011 11:49;0,42;12472;Germany;295
571824;20749;ASSORTED COLOUR MINI CASES;2;19/10/2011 11:49;7,95;12472;Germany;295
571824;22423;REGENCY CAKESTAND 3 TIER;4;19/10/2011 11:49;12,75;12472;Germany;295
571824;22212;FOUR HOOK  WHITE LOVEBIRDS;6;19/10/2011 11:49;2,1;12472;Germany;295
571824;23290;SPACEBOY CHILDRENS BOWL;8;19/10/2011 11:49;1,25;12472;Germany;295
571824;23292;SPACEBOY CHILDRENS CUP;8;19/10/2011 11:49;1,25;12472;Germany;295
571824;22466;FAIRY TALE COTTAGE NIGHT LIGHT;12;19/10/2011 11:49;1,95;12472;Germany;295
571824;21240;BLUE POLKADOT CUP;8;19/10/2011 11:49;0,85;12472;Germany;295
571824;21238;RED RETROSPOT CUP;8;19/10/2011 11:49;0,85;12472;Germany;295
571824;23285;PINK VINTAGE SPOT BEAKER;8;19/10/2011 11:49;0,85;12472;Germany;295
571824;23287;RED VINTAGE SPOT BEAKER;8;19/10/2011 11:49;0,85;12472;Germany;295
571824;22976;CIRCUS PARADE CHILDRENS EGG CUP ;12;19/10/2011 11:49;1,25;12472;Germany;295
571824;22556;PLASTERS IN TIN CIRCUS PARADE ;12;19/10/2011 11:49;1,65;12472;Germany;295
571824;21990;MODERN FLORAL STATIONERY SET;12;19/10/2011 11:49;1,25;12472;Germany;295
571824;23559;WOODLAND BUNNIES LOLLY MAKERS;6;19/10/2011 11:49;2,08;12472;Germany;295
571824;21915;RED  HARMONICA IN BOX ;12;19/10/2011 11:49;1,25;12472;Germany;295
571824;23517;EMBROIDERED RIBBON REEL REBECCA ;6;19/10/2011 11:49;2,89;12472;Germany;295
571824;21704;BAG 250g SWIRLY MARBLES;12;19/10/2011 11:49;0,85;12472;Germany;295
571824;22328;ROUND SNACK BOXES SET OF 4 FRUITS ;6;19/10/2011 11:49;2,95;12472;Germany;295
571824;22467;GUMBALL COAT RACK;36;19/10/2011 11:49;2,1;12472;Germany;295
571824;21731;RED TOADSTOOL LED NIGHT LIGHT;24;19/10/2011 11:49;1,65;12472;Germany;295
571824;22706;WRAP COWBOYS  ;25;19/10/2011 11:49;0,42;12472;Germany;295
571824;16161U;WRAP SUKI AND FRIENDS;25;19/10/2011 11:49;0,42;12472;Germany;295
571824;23545;WRAP RED VINTAGE DOILY;25;19/10/2011 11:49;0,42;12472;Germany;295
571824;22051;BLUE SCANDINAVIAN PAISLEY WRAP;25;19/10/2011 11:49;0,42;12472;Germany;295
571824;23493;VINTAGE DOILY TRAVEL SEWING KIT;10;19/10/2011 11:49;1,95;12472;Germany;295
571824;22037;ROBOT BIRTHDAY CARD;12;19/10/2011 11:49;0,42;12472;Germany;295
571824;22025;RING OF ROSES BIRTHDAY CARD;12;19/10/2011 11:49;0,42;12472;Germany;295
571824;23000;TRAVEL CARD WALLET TRANSPORT;24;19/10/2011 11:49;0,42;12472;Germany;295
571824;23033;DRAWER KNOB CERAMIC RED;12;19/10/2011 11:49;1,45;12472;Germany;295
571824;21669;BLUE STRIPE CERAMIC DRAWER KNOB;12;19/10/2011 11:49;1,45;12472;Germany;295
571824;22865;HAND WARMER OWL DESIGN;24;19/10/2011 11:49;2,1;12472;Germany;295
571824;23350;ROLL WRAP VINTAGE SPOT ;12;19/10/2011 11:49;1,25;12472;Germany;295
571824;23254;CHILDRENS CUTLERY DOLLY GIRL ;4;19/10/2011 11:49;4,15;12472;Germany;295
571824;21668;RED STRIPE CERAMIC DRAWER KNOB;12;19/10/2011 11:49;1,45;12472;Germany;295
571824;20682;RED RETROSPOT CHILDRENS UMBRELLA;6;19/10/2011 11:49;3,25;12472;Germany;295
571824;20750;RED RETROSPOT MINI CASES;2;19/10/2011 11:49;7,95;12472;Germany;295
571824;23191;BUNDLE OF 3 RETRO NOTE BOOKS;12;19/10/2011 11:49;1,65;12472;Germany;295
571824;23286;BLUE VINTAGE SPOT BEAKER;8;19/10/2011 11:49;0,85;12472;Germany;295
571824;23035;DRAWER KNOB CERAMIC IVORY;12;19/10/2011 11:49;1,45;12472;Germany;295
561037;23286;BLUE VINTAGE SPOT BEAKER;8;24/07/2011 11:55;0,85;12472;Germany;252
561037;23254;CHILDRENS CUTLERY DOLLY GIRL ;4;24/07/2011 11:55;4,15;12472;Germany;252
561037;20724;RED RETROSPOT CHARLOTTE BAG;10;24/07/2011 11:55;0,85;12472;Germany;252
561037;20723;STRAWBERRY CHARLOTTE BAG;10;24/07/2011 11:55;0,85;12472;Germany;252
561037;22355;CHARLOTTE BAG SUKI DESIGN;10;24/07/2011 11:55;0,85;12472;Germany;252
561037;22551;PLASTERS IN TIN SPACEBOY;12;24/07/2011 11:55;1,65;12472;Germany;252
561037;21915;RED  HARMONICA IN BOX ;12;24/07/2011 11:55;1,25;12472;Germany;252
561037;21914;BLUE HARMONICA IN BOX ;12;24/07/2011 11:55;1,25;12472;Germany;252
561037;23240;SET OF 4 KNICK KNACK TINS DOILEY ;6;24/07/2011 11:55;4,15;12472;Germany;252
561037;23236;DOILEY STORAGE TIN;6;24/07/2011 11:55;2,89;12472;Germany;252
561037;21240;BLUE POLKADOT CUP;8;24/07/2011 11:55;0,85;12472;Germany;252
561037;21238;RED RETROSPOT CUP;8;24/07/2011 11:55;0,85;12472;Germany;252
561037;22423;REGENCY CAKESTAND 3 TIER;2;24/07/2011 11:55;12,75;12472;Germany;252
561037;21559;STRAWBERRY LUNCH BOX WITH CUTLERY;6;24/07/2011 11:55;2,55;12472;Germany;252
561037;23252;VINTAGE RED ENAMEL TRIM JUG ;4;24/07/2011 11:55;3,75;12472;Germany;252
561037;23249;VINTAGE RED ENAMEL TRIM PLATE;12;24/07/2011 11:55;1,65;12472;Germany;252
561037;23250;VINTAGE RED TRIM ENAMEL BOWL ;12;24/07/2011 11:55;1,25;12472;Germany;252
561037;22629;SPACEBOY LUNCH BOX ;12;24/07/2011 11:55;1,95;12472;Germany;252
561037;23550;WRAP ALPHABET POSTER  ;25;24/07/2011 11:55;0,42;12472;Germany;252
561037;23548;WRAP MAGIC FOREST ;25;24/07/2011 11:55;0,42;12472;Germany;252
561037;23549;WRAP BIRD GARDEN ;25;24/07/2011 11:55;0,42;12472;Germany;252
561037;23547;WRAP FLOWER SHOP  ;25;24/07/2011 11:55;0,42;12472;Germany;252
561037;23545;WRAP RED DOILEY;25;24/07/2011 11:55;0,42;12472;Germany;252
561037;23292;SPACEBOY CHILDRENS CUP;16;24/07/2011 11:55;1,25;12472;Germany;252
561037;23290;SPACEBOY CHILDRENS BOWL;16;24/07/2011 11:55;1,25;12472;Germany;252
561037;23288;GREEN VINTAGE SPOT BEAKER;8;24/07/2011 11:55;0,85;12472;Germany;252
561037;23285;PINK VINTAGE SPOT BEAKER;8;24/07/2011 11:55;0,85;12472;Germany;252
561037;POST;POSTAGE;3;24/07/2011 11:55;18;12472;Germany;252
561037;23251;VINTAGE RED ENAMEL TRIM MUG ;12;24/07/2011 11:55;1,25;12472;Germany;252
561037;22467;GUMBALL COAT RACK;6;24/07/2011 11:55;2,55;12472;Germany;252
561037;23033;DRAWER KNOB CERAMIC RED;6;24/07/2011 11:55;1,45;12472;Germany;252
561037;23035;DRAWER KNOB CERAMIC IVORY;6;24/07/2011 11:55;1,45;12472;Germany;252
561037;23034;DRAWER KNOB CERAMIC BLACK;6;24/07/2011 11:55;1,45;12472;Germany;252
561037;22077;6 RIBBONS RUSTIC CHARM;12;24/07/2011 11:55;1,65;12472;Germany;252
561037;22815;CARD PSYCHEDELIC APPLES;12;24/07/2011 11:55;0,42;12472;Germany;252
561037;22029;SPACEBOY BIRTHDAY CARD;12;24/07/2011 11:55;0,42;12472;Germany;252
561037;22716;CARD CIRCUS PARADE;12;24/07/2011 11:55;0,42;12472;Germany;252
561037;22037;ROBOT BIRTHDAY CARD;12;24/07/2011 11:55;0,42;12472;Germany;252
561037;21731;RED TOADSTOOL LED NIGHT LIGHT;12;24/07/2011 11:55;1,65;12472;Germany;252
561037;22326;ROUND SNACK BOXES SET OF4 WOODLAND ;12;24/07/2011 11:55;2,95;12472;Germany;252
561037;20719;WOODLAND CHARLOTTE BAG;10;24/07/2011 11:55;0,85;12472;Germany;252
561037;23256;CHILDRENS CUTLERY SPACEBOY ;4;24/07/2011 11:55;4,15;12472;Germany;252
561037;23287;RED VINTAGE SPOT BEAKER;8;24/07/2011 11:55;0,85;12472;Germany;252
556578;23308;SET OF 60 VINTAGE LEAF CAKE CASES ;24;13/06/2011 14:13;0,55;12472;Germany;175
556578;23307;SET OF 60 PANTRY DESIGN CAKE CASES ;24;13/06/2011 14:13;0,55;12472;Germany;175
556578;22303;COFFEE MUG APPLES DESIGN;6;13/06/2011 14:13;2,55;12472;Germany;175
556578;22704;WRAP RED APPLES ;25;13/06/2011 14:13;0,42;12472;Germany;175
556578;22302;COFFEE MUG PEARS  DESIGN;6;13/06/2011 14:13;2,55;12472;Germany;175
556578;22895;SET OF 2 TEA TOWELS APPLE AND PEARS;6;13/06/2011 14:13;3,25;12472;Germany;175
556578;22716;CARD CIRCUS PARADE;12;13/06/2011 14:13;0,42;12472;Germany;175
556578;22973;CHILDREN'S CIRCUS PARADE MUG;12;13/06/2011 14:13;1,65;12472;Germany;175
556578;23255;CHILDRENS CUTLERY CIRCUS PARADE;4;13/06/2011 14:13;4,15;12472;Germany;175
556578;22976;CIRCUS PARADE CHILDRENS EGG CUP ;12;13/06/2011 14:13;1,25;12472;Germany;175
556578;21669;BLUE STRIPE CERAMIC DRAWER KNOB;12;13/06/2011 14:13;1,25;12472;Germany;175
556578;21668;RED STRIPE CERAMIC DRAWER KNOB;12;13/06/2011 14:13;1,25;12472;Germany;175
556578;21671;RED SPOT CERAMIC DRAWER KNOB;12;13/06/2011 14:13;1,25;12472;Germany;175
556578;21672;WHITE SPOT RED CERAMIC DRAWER KNOB;12;13/06/2011 14:13;1,25;12472;Germany;175
556578;21670;BLUE SPOT CERAMIC DRAWER KNOB;12;13/06/2011 14:13;1,25;12472;Germany;175
556578;21673;WHITE SPOT BLUE CERAMIC DRAWER KNOB;12;13/06/2011 14:13;1,25;12472;Germany;175
556578;22077;6 RIBBONS RUSTIC CHARM;12;13/06/2011 14:13;1,65;12472;Germany;175
556578;22993;SET OF 4 PANTRY JELLY MOULDS;12;13/06/2011 14:13;1,25;12472;Germany;175
556578;23000;TRAVEL CARD WALLET TRANSPORT;48;13/06/2011 14:13;0,42;12472;Germany;175
556578;23254;CHILDRENS CUTLERY DOLLY GIRL ;4;13/06/2011 14:13;4,15;12472;Germany;175
556578;23245;SET OF 3 REGENCY CAKE TINS;4;13/06/2011 14:13;4,95;12472;Germany;175
556578;22423;REGENCY CAKESTAND 3 TIER;4;13/06/2011 14:13;12,75;12472;Germany;175
556578;22045;SPACEBOY GIFT WRAP;25;13/06/2011 14:13;0,42;12472;Germany;175
556578;22029;SPACEBOY BIRTHDAY CARD;12;13/06/2011 14:13;0,42;12472;Germany;175
556578;22417;PACK OF 60 SPACEBOY CAKE CASES;24;13/06/2011 14:13;0,55;12472;Germany;175
556578;22629;SPACEBOY LUNCH BOX ;12;13/06/2011 14:13;1,95;12472;Germany;175
556578;22972;CHILDREN'S SPACEBOY MUG;12;13/06/2011 14:13;1,65;12472;Germany;175
556578;22975;SPACEBOY CHILDRENS EGG CUP;12;13/06/2011 14:13;1,25;12472;Germany;175
556578;22555;PLASTERS IN TIN STRONGMAN;12;13/06/2011 14:13;1,65;12472;Germany;175
556578;21749;LARGE RED RETROSPOT WINDMILL;6;13/06/2011 14:13;2,1;12472;Germany;175
556578;21746;SMALL RED RETROSPOT WINDMILL;12;13/06/2011 14:13;1,25;12472;Germany;175
556578;22037;ROBOT BIRTHDAY CARD;12;13/06/2011 14:13;0,42;12472;Germany;175
556578;22585;PACK OF 6 BIRDY GIFT TAGS;12;13/06/2011 14:13;1,25;12472;Germany;175
556578;22815;CARD PSYCHEDELIC APPLES;12;13/06/2011 14:13;0,42;12472;Germany;175
556578;22430;ENAMEL WATERING CAN CREAM;4;13/06/2011 14:13;4,95;12472;Germany;175
556578;22621;TRADITIONAL KNITTING NANCY;12;13/06/2011 14:13;1,65;12472;Germany;175
556578;22467;GUMBALL COAT RACK;6;13/06/2011 14:13;2,55;12472;Germany;175
556578;22212;FOUR HOOK  WHITE LOVEBIRDS;6;13/06/2011 14:13;2,1;12472;Germany;175
556578;84828;JUNGLE POPSICLES ICE LOLLY MOULDS;24;13/06/2011 14:13;1,25;12472;Germany;175
556578;22989;SET 2 PANTRY DESIGN TEA TOWELS;6;13/06/2011 14:13;3,25;12472;Germany;175
556578;22179;SET 10 NIGHT OWL LIGHTS;2;13/06/2011 14:13;6,75;12472;Germany;175
556578;21915;RED  HARMONICA IN BOX ;12;13/06/2011 14:13;1,25;12472;Germany;175
556578;21914;BLUE HARMONICA IN BOX ;12;13/06/2011 14:13;1,25;12472;Germany;175
556578;20728;LUNCH BAG CARS BLUE;10;13/06/2011 14:13;1,65;12472;Germany;175
556578;22382;LUNCH BAG SPACEBOY DESIGN ;10;13/06/2011 14:13;1,65;12472;Germany;175
556578;23084;RABBIT NIGHT LIGHT;24;13/06/2011 14:13;1,79;12472;Germany;175
556578;21559;STRAWBERRY LUNCH BOX WITH CUTLERY;6;13/06/2011 14:13;2,55;12472;Germany;175
556578;22352;LUNCH BOX WITH CUTLERY RETROSPOT ;6;13/06/2011 14:13;2,55;12472;Germany;175
556578;22331;WOODLAND PARTY BAG + STICKER SET;8;13/06/2011 14:13;1,65;12472;Germany;175
556578;21206;STRAWBERRY HONEYCOMB  GARLAND ;12;13/06/2011 14:13;1,65;12472;Germany;175
556578;22334;DINOSAUR PARTY BAG + STICKER SET;8;13/06/2011 14:13;1,65;12472;Germany;175
556578;22333;RETROSPOT PARTY BAG + STICKER SET;8;13/06/2011 14:13;1,65;12472;Germany;175
556578;22492;MINI PAINT SET VINTAGE ;36;13/06/2011 14:13;0,65;12472;Germany;175
556578;22556;PLASTERS IN TIN CIRCUS PARADE ;12;13/06/2011 14:13;1,65;12472;Germany;175
556578;23190;BUNDLE OF 3 SCHOOL EXERCISE BOOKS  ;12;13/06/2011 14:13;1,65;12472;Germany;175
556578;POST;POSTAGE;7;13/06/2011 14:13;18;12472;Germany;175
556578;22326;ROUND SNACK BOXES SET OF4 WOODLAND ;6;13/06/2011 14:13;2,95;12472;Germany;175
556578;23192;BUNDLE OF 3 ALPHABET EXERCISE BOOKS;12;13/06/2011 14:13;1,65;12472;Germany;175
556578;23205;CHARLOTTE BAG VINTAGE ALPHABET ;10;13/06/2011 14:13;0,85;12472;Germany;175
556578;23209;LUNCH BAG DOILEY PATTERN ;10;13/06/2011 14:13;1,65;12472;Germany;175
556578;23235;STORAGE TIN VINTAGE LEAF;6;13/06/2011 14:13;2,89;12472;Germany;175
556578;23236;DOILEY STORAGE TIN;6;13/06/2011 14:13;2,89;12472;Germany;175
556578;23237;SET OF 4 KNICK KNACK TINS LEAVES ;6;13/06/2011 14:13;4,15;12472;Germany;175
556578;23240;SET OF 4 KNICK KNACK TINS DOILEY ;6;13/06/2011 14:13;4,15;12472;Germany;175
556578;23244;ROUND STORAGE TIN VINTAGE LEAF;6;13/06/2011 14:13;1,95;12472;Germany;175
556578;23239;SET OF 4 KNICK KNACK TINS POPPIES;6;13/06/2011 14:13;4,15;12472;Germany;175
556578;23275;SET OF 3 HANGING OWLS OLLIE BEAK;12;13/06/2011 14:13;1,25;12472;Germany;175
556578;23306;SET OF 36 DOILIES PANTRY DESIGN;12;13/06/2011 14:13;1,45;12472;Germany;175
546843;22385;JUMBO BAG SPACEBOY DESIGN;10;17/03/2011 12:40;1,95;12472;Germany;142
546843;20713;JUMBO BAG OWLS;10;17/03/2011 12:40;1,95;12472;Germany;142
546843;22740;POLKADOT PEN;48;17/03/2011 12:40;0,85;12472;Germany;142
546843;22244;3 HOOK HANGER MAGIC GARDEN;12;17/03/2011 12:40;1,95;12472;Germany;142
546843;21383;PACK OF 12 STICKY BUNNIES;12;17/03/2011 12:40;0,65;12472;Germany;142
546843;21680;WOODLAND  STICKERS;12;17/03/2011 12:40;0,85;12472;Germany;142
546843;22326;ROUND SNACK BOXES SET OF4 WOODLAND ;6;17/03/2011 12:40;2,95;12472;Germany;142
546843;20712;JUMBO BAG WOODLAND ANIMALS;10;17/03/2011 12:40;1,95;12472;Germany;142
546843;23233;WRAP POPPIES  DESIGN;25;17/03/2011 12:40;0,42;12472;Germany;142
546843;23231;WRAP DOILEY DESIGN;25;17/03/2011 12:40;0,42;12472;Germany;142
546843;23000;TRAVEL CARD WALLET TRANSPORT;24;17/03/2011 12:40;0,42;12472;Germany;142
546843;22556;PLASTERS IN TIN CIRCUS PARADE ;12;17/03/2011 12:40;1,65;12472;Germany;142
546843;22554;PLASTERS IN TIN WOODLAND ANIMALS;12;17/03/2011 12:40;1,65;12472;Germany;142
546843;22551;PLASTERS IN TIN SPACEBOY;12;17/03/2011 12:40;1,65;12472;Germany;142
546843;23230;WRAP ALPHABET DESIGN;25;17/03/2011 12:40;0,42;12472;Germany;142
546843;POST;POSTAGE;2;17/03/2011 12:40;18;12472;Germany;142
546843;23010;CIRCUS PARADE BABY GIFT SET;4;17/03/2011 12:40;16,95;12472;Germany;142
546843;21219;SET/4 BADGES BALLOON GIRL;10;17/03/2011 12:40;1,25;12472;Germany;142
546843;22652;TRAVEL SEWING KIT;10;17/03/2011 12:40;1,65;12472;Germany;142
546843;21257;VICTORIAN SEWING BOX MEDIUM;2;17/03/2011 12:40;7,95;12472;Germany;142
546843;21259;VICTORIAN SEWING BOX SMALL ;2;17/03/2011 12:40;5,95;12472;Germany;142
546843;21731;RED TOADSTOOL LED NIGHT LIGHT;12;17/03/2011 12:40;1,65;12472;Germany;142
546843;22423;REGENCY CAKESTAND 3 TIER;4;17/03/2011 12:40;12,75;12472;Germany;142
546843;21559;STRAWBERRY LUNCH BOX WITH CUTLERY;6;17/03/2011 12:40;2,55;12472;Germany;142
546843;23232;WRAP VINTAGE PETALS  DESIGN;25;17/03/2011 12:40;0,42;12472;Germany;142
546843;22467;GUMBALL COAT RACK;36;17/03/2011 12:40;2,1;12472;Germany;142
542215;POST;POSTAGE;3;26/01/2011 12:27;18;12472;Germany;85
542215;22467;GUMBALL COAT RACK;18;26/01/2011 12:27;2,55;12472;Germany;85
542215;22245;HOOK, 1 HANGER ,MAGIC GARDEN;12;26/01/2011 12:27;0,85;12472;Germany;85
542215;22242;5 HOOK HANGER MAGIC TOADSTOOL;12;26/01/2011 12:27;1,65;12472;Germany;85
542215;22328;ROUND SNACK BOXES SET OF 4 FRUITS ;12;26/01/2011 12:27;2,95;12472;Germany;85
542215;22629;SPACEBOY LUNCH BOX ;12;26/01/2011 12:27;1,95;12472;Germany;85
542215;22554;PLASTERS IN TIN WOODLAND ANIMALS;12;26/01/2011 12:27;1,65;12472;Germany;85
542215;84247L;FAWN AND MUSHROOM GREETING CARD;12;26/01/2011 12:27;0,42;12472;Germany;85
542215;22326;ROUND SNACK BOXES SET OF4 WOODLAND ;12;26/01/2011 12:27;2,95;12472;Germany;85
542215;20676;RED RETROSPOT BOWL;16;26/01/2011 12:27;1,25;12472;Germany;85
542215;21915;RED  HARMONICA IN BOX ;12;26/01/2011 12:27;1,25;12472;Germany;85
542215;21914;BLUE HARMONICA IN BOX ;12;26/01/2011 12:27;1,25;12472;Germany;85
542215;21245;GREEN POLKADOT PLATE ;8;26/01/2011 12:27;1,69;12472;Germany;85
542215;21244;BLUE POLKADOT PLATE ;8;26/01/2011 12:27;1,69;12472;Germany;85
542215;21242;RED RETROSPOT PLATE ;8;26/01/2011 12:27;1,69;12472;Germany;85
542215;21240;BLUE POLKADOT CUP;16;26/01/2011 12:27;0,85;12472;Germany;85
542215;21239;PINK  POLKADOT CUP;8;26/01/2011 12:27;0,85;12472;Germany;85
542215;20675;BLUE POLKADOT BOWL;16;26/01/2011 12:27;1,25;12472;Germany;85
542215;20674;GREEN POLKADOT BOWL;16;26/01/2011 12:27;1,25;12472;Germany;85
542215;21670;BLUE SPOT CERAMIC DRAWER KNOB;12;26/01/2011 12:27;1,25;12472;Germany;85
542215;21668;RED STRIPE CERAMIC DRAWER KNOB;12;26/01/2011 12:27;1,25;12472;Germany;85
542215;21673;WHITE SPOT BLUE CERAMIC DRAWER KNOB;12;26/01/2011 12:27;1,25;12472;Germany;85
542215;22179;SET 10 LIGHTS NIGHT OWL;2;26/01/2011 12:27;6,75;12472;Germany;85
542215;22168;ORGANISER WOOD ANTIQUE WHITE ;2;26/01/2011 12:27;8,5;12472;Germany;85
542215;85049G;CHOCOLATE BOX RIBBONS ;12;26/01/2011 12:27;1,25;12472;Germany;85
542215;85049D;BRIGHT BLUES RIBBONS ;12;26/01/2011 12:27;1,25;12472;Germany;85
542215;22446;PIN CUSHION BABUSHKA PINK;6;26/01/2011 12:27;3,35;12472;Germany;85
542215;22447;PIN CUSHION BABUSHKA BLUE;6;26/01/2011 12:27;3,35;12472;Germany;85
542215;22448;PIN CUSHION BABUSHKA RED;6;26/01/2011 12:27;3,35;12472;Germany;85
542215;22423;REGENCY CAKESTAND 3 TIER;6;26/01/2011 12:27;12,75;12472;Germany;85
542215;21671;RED SPOT CERAMIC DRAWER KNOB;12;26/01/2011 12:27;1,25;12472;Germany;85
542215;85049C;ROMANTIC PINKS RIBBONS ;12;26/01/2011 12:27;1,25;12472;Germany;85
542215;85049F;BABY BOOM RIBBONS ;12;26/01/2011 12:27;1,25;12472;Germany;85
542215;85049H;URBAN BLACK RIBBONS ;12;26/01/2011 12:27;1,25;12472;Germany;85
542215;85049E;SCANDINAVIAN REDS RIBBONS;12;26/01/2011 12:27;1,25;12472;Germany;85
542215;22817;CARD SUKI BIRTHDAY;12;26/01/2011 12:27;0,42;12472;Germany;85
542215;22815;CARD PSYCHEDELIC APPLES;12;26/01/2011 12:27;0,42;12472;Germany;85
542215;22718;CARD CAT AND TREE ;12;26/01/2011 12:27;0,42;12472;Germany;85
542215;22716;CARD CIRCUS PARADE;12;26/01/2011 12:27;0,42;12472;Germany;85
542215;21672;WHITE SPOT RED CERAMIC DRAWER KNOB;12;26/01/2011 12:27;1,25;12472;Germany;85
542215;21238;RED RETROSPOT CUP;16;26/01/2011 12:27;0,85;12472;Germany;85
542215;22077;6 RIBBONS RUSTIC CHARM;36;26/01/2011 12:27;1,65;12472;Germany;85
537201;22631;CIRCUS PARADE LUNCH BOX ;12;05/12/2010 14:19;1,95;12472;Germany;15
537201;22328;ROUND SNACK BOXES SET OF 4 FRUITS ;12;05/12/2010 14:19;2,95;12472;Germany;15
537201;22423;REGENCY CAKESTAND 3 TIER;4;05/12/2010 14:19;12,75;12472;Germany;15
537201;20724;RED RETROSPOT CHARLOTTE BAG;20;05/12/2010 14:19;0,85;12472;Germany;15
537201;22578;WOODEN STAR CHRISTMAS SCANDINAVIAN;12;05/12/2010 14:19;0,85;12472;Germany;15
537201;22577;WOODEN HEART CHRISTMAS SCANDINAVIAN;12;05/12/2010 14:19;0,85;12472;Germany;15
537201;22574;HEART WOODEN CHRISTMAS DECORATION;12;05/12/2010 14:19;0,85;12472;Germany;15
537201;22573;STAR WOODEN CHRISTMAS DECORATION;12;05/12/2010 14:19;0,85;12472;Germany;15
537201;22593;CHRISTMAS GINGHAM STAR;12;05/12/2010 14:19;0,85;12472;Germany;15
537201;22594;CHRISTMAS GINGHAM TREE;12;05/12/2010 14:19;0,85;12472;Germany;15
537201;22595;CHRISTMAS GINGHAM HEART;12;05/12/2010 14:19;0,85;12472;Germany;15
537201;22600;CHRISTMAS RETROSPOT STAR WOOD;12;05/12/2010 14:19;0,85;12472;Germany;15
537201;22602;CHRISTMAS RETROSPOT HEART WOOD;12;05/12/2010 14:19;0,85;12472;Germany;15
537201;22144;CHRISTMAS CRAFT LITTLE FRIENDS;12;05/12/2010 14:19;2,1;12472;Germany;15
537201;22141;CHRISTMAS CRAFT TREE TOP ANGEL;12;05/12/2010 14:19;2,1;12472;Germany;15
537201;85049G;CHOCOLATE BOX RIBBONS ;12;05/12/2010 14:19;1,25;12472;Germany;15
537201;85049F;BABY BOOM RIBBONS ;12;05/12/2010 14:19;1,25;12472;Germany;15
537201;85049D;BRIGHT BLUES RIBBONS ;12;05/12/2010 14:19;1,25;12472;Germany;15
537201;85049E;SCANDINAVIAN REDS RIBBONS;12;05/12/2010 14:19;1,25;12472;Germany;15
537201;22077;6 RIBBONS RUSTIC CHARM;24;05/12/2010 14:19;1,65;12472;Germany;15
537201;22354;RETROSPOT PADDED SEAT CUSHION;10;05/12/2010 14:19;3,75;12472;Germany;15
537201;22556;PLASTERS IN TIN CIRCUS PARADE ;12;05/12/2010 14:19;1,65;12472;Germany;15
537201;22321;BIRD DECORATION RED RETROSPOT;12;05/12/2010 14:19;0,85;12472;Germany;15
537201;20750;RED RETROSPOT MINI CASES;4;05/12/2010 14:19;7,95;12472;Germany;15
537201;22895;SET OF 2 TEA TOWELS APPLE AND PEARS;12;05/12/2010 14:19;2,95;12472;Germany;15
537201;20719;WOODLAND CHARLOTTE BAG;30;05/12/2010 14:19;0,85;12472;Germany;15
537201;22326;ROUND SNACK BOXES SET OF4 WOODLAND ;24;05/12/2010 14:19;2,95;12472;Germany;15
537201;22629;SPACEBOY LUNCH BOX ;36;05/12/2010 14:19;1,95;12472;Germany;15
537201;84341B;SMALL PINK MAGIC CHRISTMAS TREE;12;05/12/2010 14:19;0,85;12472;Germany;15
537201;22601;CHRISTMAS RETROSPOT ANGEL WOOD;24;05/12/2010 14:19;0,85;12472;Germany;15
537201;22579;WOODEN TREE CHRISTMAS SCANDINAVIAN;24;05/12/2010 14:19;0,85;12472;Germany;15
537201;22572;ROCKING HORSE GREEN CHRISTMAS ;24;05/12/2010 14:19;0,85;12472;Germany;15
537201;22571;ROCKING HORSE RED CHRISTMAS ;24;05/12/2010 14:19;0,85;12472;Germany;15
537201;22337;ANGEL DECORATION PAINTED ZINC ;24;05/12/2010 14:19;0,65;12472;Germany;15
537201;21817;GLITTER CHRISTMAS TREE;12;05/12/2010 14:19;0,85;12472;Germany;15
537201;22636;CHILDS BREAKFAST SET CIRCUS PARADE;4;05/12/2010 14:19;8,5;12472;Germany;15
537201;22333;RETROSPOT PARTY BAG + STICKER SET;8;05/12/2010 14:19;1,65;12472;Germany;15
537201;21914;BLUE HARMONICA IN BOX ;24;05/12/2010 14:19;1,25;12472;Germany;15
537201;21915;RED  HARMONICA IN BOX ;24;05/12/2010 14:19;1,25;12472;Germany;15
537201;22818;CARD CHRISTMAS VILLAGE;24;05/12/2010 14:19;0,42;12472;Germany;15
537201;22816;CARD MOTORBIKE SANTA;12;05/12/2010 14:19;0,42;12472;Germany;15
537201;22968;ROSE COTTAGE KEEPSAKE BOX ;2;05/12/2010 14:19;9,95;12472;Germany;15
537201;22837;HOT WATER BOTTLE BABUSHKA ;4;05/12/2010 14:19;4,65;12472;Germany;15
537201;22898;CHILDRENS APRON APPLES DESIGN;8;05/12/2010 14:19;1,95;12472;Germany;15
537201;22940;FELTCRAFT CHRISTMAS FAIRY;8;05/12/2010 14:19;4,25;12472;Germany;15
537201;84375;SET OF 20 KIDS COOKIE CUTTERS;12;05/12/2010 14:19;2,1;12472;Germany;15
537201;22568;FELTCRAFT CUSHION OWL;4;05/12/2010 14:19;3,75;12472;Germany;15
537201;22834;HAND WARMER BABUSHKA DESIGN;12;05/12/2010 14:19;2,1;12472;Germany;15
537201;22976;CIRCUS PARADE CHILDRENS EGG CUP ;12;05/12/2010 14:19;1,25;12472;Germany;15
537201;22975;SPACEBOY CHILDRENS EGG CUP;12;05/12/2010 14:19;1,25;12472;Germany;15
537201;22973;CHILDREN'S CIRCUS PARADE MUG;12;05/12/2010 14:19;1,65;12472;Germany;15
537201;22972;CHILDREN'S SPACEBOY MUG;12;05/12/2010 14:19;1,65;12472;Germany;15
537201;20668;DISCO BALL CHRISTMAS DECORATION;24;05/12/2010 14:19;0,12;12472;Germany;15
537201;22963;JAM JAR WITH GREEN LID;24;05/12/2010 14:19;0,85;12472;Germany;15
537201;22962;JAM JAR WITH PINK LID;24;05/12/2010 14:19;0,85;12472;Germany;15
537201;22961;JAM MAKING SET PRINTED;12;05/12/2010 14:19;1,45;12472;Germany;15
537201;22960;JAM MAKING SET WITH JARS;12;05/12/2010 14:19;3,75;12472;Germany;15
537201;22865;HAND WARMER OWL DESIGN;24;05/12/2010 14:19;2,1;12472;Germany;15
537201;22781;GUMBALL MAGAZINE RACK;2;05/12/2010 14:19;7,65;12472;Germany;15
537201;POST;POSTAGE;6;05/12/2010 14:19;18;12472;Germany;15
537201;20914;SET/5 RED RETROSPOT LID GLASS BOWLS;6;05/12/2010 14:19;2,95;12472;Germany;15
537201;22245;HOOK, 1 HANGER ,MAGIC GARDEN;12;05/12/2010 14:19;0,85;12472;Germany;15
537201;22244;3 HOOK HANGER MAGIC GARDEN;12;05/12/2010 14:19;1,95;12472;Germany;15
537201;22242;5 HOOK HANGER MAGIC TOADSTOOL;12;05/12/2010 14:19;1,65;12472;Germany;15
537201;22467;GUMBALL COAT RACK;12;05/12/2010 14:19;2,55;12472;Germany;15
537201;22867;HAND WARMER BIRD DESIGN;12;05/12/2010 14:19;2,1;12472;Germany;15
537201;22078;RIBBON REEL LACE DESIGN ;10;05/12/2010 14:19;2,1;12472;Germany;15
537201;22079;RIBBON REEL HEARTS DESIGN ;10;05/12/2010 14:19;1,65;12472;Germany;15
537201;22080;RIBBON REEL POLKADOTS ;10;05/12/2010 14:19;1,65;12472;Germany;15
537201;22964;3 PIECE SPACEBOY COOKIE CUTTER SET;18;05/12/2010 14:19;2,1;12472;Germany;15
